文件名	扩展名	大小(bytes)	Mapper	错误
˫ӥ[Joy Van](CN)[STG](0.5Mb).nes	nes	65552	146	This ROM uses a mapper not supported by JSNES: Unknown Mapper, 146(146)
75宾果[Sachen](CN)[TAB](0.5Mb).nes	nes	65552	79	This ROM uses a mapper not supported by JSNES: Unknown Mapper(79)
暗黑破坏神[南晶科技](CN)[RPG](16Mb).nes	nes	2097168	163	This ROM uses a mapper not supported by JSNES: Unknown Mapper, 163(163)
傲剑江湖[南晶科技](CN)[RPG](4Mb).nes	nes	524304	241	This ROM uses a mapper not supported by JSNES: Unknown Mapper, 241(241)
傲视三国志[南晶科技](CN)[RPG](16Mb).nes	nes	2097168	163	This ROM uses a mapper not supported by JSNES: Unknown Mapper, 163(163)
八宝奇珠[外星科技汉化](JP)[RPG](4Mb).nes	nes	524304	74	This ROM uses a mapper not supported by JSNES: Unknown Mapper(74)
八德汉卡王[八德](CN)[ETC](4Mb).nes	nes	524304	241	This ROM uses a mapper not supported by JSNES: Unknown Mapper, 241(241)
百万富翁[未知](CN)[TAB](8Mb).nes	nes	1048592	227	This ROM uses a mapper not supported by JSNES: Unknown Mapper, 227(227)
包青天[卡圣](CN)[ACT](4Mb).nes	nes	524304	248	This ROM uses a mapper not supported by JSNES: Unknown Mapper, 248(248)
爆笑三国[外星科技 (147201688转简体版)](CN)[SLG](8Mb).nes	nes	1048592	15	This ROM uses a mapper not supported by JSNES: 100-in-1 switch(15)
爆笑三国[外星科技](CN)[SLG](8Mb).nes	nes	1048592	15	This ROM uses a mapper not supported by JSNES: 100-in-1 switch(15)
奔力电脑学习机[奔力](CN)[ETC](8Mb).nes	nes	1048592	177	This ROM uses a mapper not supported by JSNES: Unknown Mapper, 177(177)
兵蜂3[MS汉化](JP)[STG](2Mb).nes	nes	262160	22	This ROM uses a mapper not supported by JSNES: Konami VRC2a(22)
仓库世家 & 动脑筋[小霸王](CN)[PUZ](4Mb).nes	nes	524304	241	This ROM uses a mapper not supported by JSNES: Unknown Mapper, 241(241)
超级大富翁[外星科技](CN)[TAB](8Mb).nes	nes	1048592	227	This ROM uses a mapper not supported by JSNES: Unknown Mapper, 227(227)
超级机器人大战A[南晶科技](CN)[SLG](8Mb).nes	nes	1048592	163	This ROM uses a mapper not supported by JSNES: Unknown Mapper, 163(163)
超级五笔汉卡V1[科王](CN)[ETC](4Mb).nes	nes	524304	170	This ROM uses a mapper not supported by JSNES: Unknown Mapper, 170(170)
超级五笔汉卡V2[科王](CN)[ETC](4Mb).nes	nes	524304	170	This ROM uses a mapper not supported by JSNES: Unknown Mapper, 170(170)
超级中国人2 海报.jpg	jpg	419647	-	Not an iNES ROM: header is not NES<EOF>
成吉思汗[外星科技汉化](JP)[SLG](4Mb).nes	nes	524304	198	This ROM uses a mapper not supported by JSNES: Unknown Mapper, 198(198)
吃豆小精灵[叶枫汉化](JP)[PUZ](0.25Mb).nes	nes	32784	18	This ROM uses a mapper not supported by JSNES: Jaleco SS8806 chip(18)
宠物 - 翡翠[外星科技](CN)[RPG](8Mb).nes	nes	1048592	241	This ROM uses a mapper not supported by JSNES: Unknown Mapper, 241(241)
宠物 - 红[外星科技](CN)[RPG](8Mb).nes	nes	1048592	164	This ROM uses a mapper not supported by JSNES: Unknown Mapper, 164(164)
宠物大家族 - 部落纷争[外星科技](CN)[RPG](8Mb).nes	nes	1048592	178	This ROM uses a mapper not supported by JSNES: Unknown Mapper, 178(178)
宠物高达战记[南晶科技](CN)[RPG](8Mb).nes	nes	1048592	163	This ROM uses a mapper not supported by JSNES: Unknown Mapper, 163(163)
宠物进化史[外星科技](CN)[RPG](8Mb).nes	nes	1048592	162	This ROM uses a mapper not supported by JSNES: Unknown Mapper, 162(162)
宠物小精灵2[酷哥电子](CN)[RPG](8Mb).nes	nes	1048592	178	This ROM uses a mapper not supported by JSNES: Unknown Mapper, 178(178)
宠物小精灵4[酷哥电子](CN)[RPG](8Mb).nes	nes	1048592	178	This ROM uses a mapper not supported by JSNES: Unknown Mapper, 178(178)
宠物小精灵6[酷哥电子](CN)[RPG](8Mb).nes	nes	1048592	178	This ROM uses a mapper not supported by JSNES: Unknown Mapper, 178(178)
楚汉风云[南晶科技](CN)[SLG](8Mb).nes	nes	1048592	163	This ROM uses a mapper not supported by JSNES: Unknown Mapper, 163(163)
楚留香新传[晶科泰](CN)[RPG](8Mb).nes	nes	1048592	74	This ROM uses a mapper not supported by JSNES: Unknown Mapper(74)
大盗伍佑卫门之天下宝藏[外星科技汉化](JP)[RPG](6Mb).nes	nes	786448	199	This ROM uses a mapper not supported by JSNES: Unknown Mapper, 199(199)
大航海7[外星科技](CN)[SLG](4Mb).nes	nes	524304	178	This ROM uses a mapper not supported by JSNES: Unknown Mapper, 178(178)
大话西游[火星电子](CN)[RPG](4Mb).nes	nes	524304	15	This ROM uses a mapper not supported by JSNES: 100-in-1 switch(15)
大话西游[南晶科技](CN)[RPG](8Mb).nes	nes	1048592	163	This ROM uses a mapper not supported by JSNES: Unknown Mapper, 163(163)
大力工头 阿源君2 赤毛弹的逆袭(v1.0)[DMG](4Mb).nes	nes	524304	65	This ROM uses a mapper not supported by JSNES: Irem H-3001 chip(65)
大唐风云4[恒格电子](JP)[SLG](4Mb).nes	nes	524304	74	This ROM uses a mapper not supported by JSNES: Unknown Mapper(74)
大侠客楚留香[火星电子](CN)[RPG](8Mb).nes	nes	1048592	227	This ROM uses a mapper not supported by JSNES: Unknown Mapper, 227(227)
帝国时代[外星科技汉化](JP)[RPG](4Mb).nes	nes	524304	245	This ROM uses a mapper not supported by JSNES: Unknown Mapper, 245(245)
帝国战机[幻想汉化](JP)[STG](2Mb).nes	nes	262160	23	This ROM uses a mapper not supported by JSNES: Konami VRC2a(23)
帝国战机[金明汉化](JP)[STG](2Mb).nes	nes	262160	23	This ROM uses a mapper not supported by JSNES: Konami VRC2a(23)
第2次超级机器人大战 (记忆修正版)[先锋卡通汉化](JP)[SLG](4Mb).nes	nes	524304	74	This ROM uses a mapper not supported by JSNES: Unknown Mapper(74)
第2次超级机器人大战[恒格电子](JP)[SLG](4Mb).nes	nes	524304	74	This ROM uses a mapper not supported by JSNES: Unknown Mapper(74)
第2次超级机器人大战[晶科泰](JP)[SLG](4Mb).nes	nes	524304	74	This ROM uses a mapper not supported by JSNES: Unknown Mapper(74)
第四次机器人大战[外星科技汉化](JP)[SLG](6Mb).nes	nes	786448	74	This ROM uses a mapper not supported by JSNES: Unknown Mapper(74)
电脑教室[爱尔普](CN)[ETC](4Mb).nes	nes	524304	177	This ROM uses a mapper not supported by JSNES: Unknown Mapper, 177(177)
东方的传说[外星科技汉化 (qqgba转简体版)](JP)[RPG](1Mb).nes	nes	131088	245	This ROM uses a mapper not supported by JSNES: Unknown Mapper, 245(245)
动感2000[奔力](CN)[ETC](2Mb).unf	unf	262251	-	Not an iNES ROM: header is not NES<EOF>
赌神[外星科技](JP)[TAB](4Mb).nes	nes	524304	74	This ROM uses a mapper not supported by JSNES: Unknown Mapper(74)
赌神[先锋卡通汉化](JP)[TAB](3Mb).nes	nes	393232	74	This ROM uses a mapper not supported by JSNES: Unknown Mapper(74)
赌王[酷哥电子](JP)[TAB](4Mb).nes	nes	524304	74	This ROM uses a mapper not supported by JSNES: Unknown Mapper(74)
夺宝小英豪 - 光明与黑暗传说[外星科技](CN)[RPG](4Mb).nes	nes	524304	249	This ROM uses a mapper not supported by JSNES: Unknown Mapper, 249(249)
恶魔城2 - 西蒙的任务 (繁体中文版) (v1.1)[未名汉化组汉化](US)[ACT](3Mb).nes	nes	393232	10	This ROM uses a mapper not supported by JSNES: Nintendo MMC4(10)
恶魔城2 - 西蒙的任务 (简体中文版) (v1.1)[未名汉化组汉化](US)[ACT](3Mb).nes	nes	393232	10	This ROM uses a mapper not supported by JSNES: Nintendo MMC4(10)
恶魔城传说(v2.3)[汉化你妹汉化组](4Mb).nes	nes	524304	26	This ROM uses a mapper not supported by JSNES: Unknown Mapper(26)
恶魔城传说海报.jpg	jpg	422023	-	Not an iNES ROM: header is not NES<EOF>
恶魔城传说汉化说明.txt	txt	3786	-	Not an iNES ROM: header is not NES<EOF>
二战之经典战役[恒格电子](JP)[SLG](8Mb).nes	nes	1048592	241	This ROM uses a mapper not supported by JSNES: Unknown Mapper, 241(241)
法老王[外星科技](CN)[RPG](8Mb).nes	nes	1048592	162	This ROM uses a mapper not supported by JSNES: Unknown Mapper, 162(162)
反恐风暴之海湾战争[晶科泰](JP)[SLG](4Mb).nes	nes	524304	74	This ROM uses a mapper not supported by JSNES: Unknown Mapper(74)
反恐精英[恒格电子](CN)[RPG](8Mb).nes	nes	1048592	178	This ROM uses a mapper not supported by JSNES: Unknown Mapper, 178(178)
方世玉[南晶科技](CN)[RPG](4Mb).nes	nes	524304	163	This ROM uses a mapper not supported by JSNES: Unknown Mapper, 163(163)
丰利跳舞机[丰利](CN)[ETC](4Mb).nes	nes	524304	241	This ROM uses a mapper not supported by JSNES: Unknown Mapper, 241(241)
封神榜 - 伏魔三太子[晶科泰](CN)[RPG](8Mb).nes	nes	1048592	74	This ROM uses a mapper not supported by JSNES: Unknown Mapper(74)
封神榜 - 伏魔三太子[C&E Inc (147201688 转简体版)](CN)[RPG](8Mb).nes	nes	1048592	246	This ROM uses a mapper not supported by JSNES: Unknown Mapper, 246(246)
封神榜 - 伏魔三太子[C&E Inc](CN)[RPG](8Mb).nes	nes	1048592	246	This ROM uses a mapper not supported by JSNES: Unknown Mapper, 246(246)
封神榜[外星科技](CN)[FTG](4Mb).nes	nes	524304	249	This ROM uses a mapper not supported by JSNES: Unknown Mapper, 249(249)
富甲三国[外星科技](CN)[TAB](8Mb).nes	nes	1048592	162	This ROM uses a mapper not supported by JSNES: Unknown Mapper, 162(162)
高达骑士物语[外星科技汉化](JP)[RPG](5Mb).nes	nes	655376	199	This ROM uses a mapper not supported by JSNES: Unknown Mapper, 199(199)
高达骑士物语2 - 光之骑士[外星科技汉化](JP)[RPG](6Mb).nes	nes	786448	199	This ROM uses a mapper not supported by JSNES: Unknown Mapper, 199(199)
高达骑士物语3 - 传说之骑士团[外星科技汉化](JP)[RPG](6Mb).nes	nes	786448	199	This ROM uses a mapper not supported by JSNES: Unknown Mapper, 199(199)
哥伦布传[外星科技汉化](JP)[RPG](4Mb).nes	nes	524304	74	This ROM uses a mapper not supported by JSNES: Unknown Mapper(74)
格斗七龙珠[恒格电子](CN)[RPG](8Mb).nes	nes	1048592	241	This ROM uses a mapper not supported by JSNES: Unknown Mapper, 241(241)
格兰蒂亚[酷哥电子](CN)[RPG](8Mb).nes	nes	1048592	227	This ROM uses a mapper not supported by JSNES: Unknown Mapper, 227(227)
格兰蒂亚[外星科技](CN)[RPG](8Mb).nes	nes	1048592	227	This ROM uses a mapper not supported by JSNES: Unknown Mapper, 227(227)
鬼魅战记[外星科技汉化](JP)[RPG](6Mb).nes	nes	786448	74	This ROM uses a mapper not supported by JSNES: Unknown Mapper(74)
汉刘邦[南晶科技](CN)[SLG](8Mb).nes	nes	1048592	163	This ROM uses a mapper not supported by JSNES: Unknown Mapper, 163(163)
核心危机[南晶科技](CN)[RPG](16Mb).nes	nes	2097168	163	This ROM uses a mapper not supported by JSNES: Unknown Mapper, 163(163)
黑暗之蛊[火星电子](CN)[AVG](4Mb).nes	nes	524304	164	This ROM uses a mapper not supported by JSNES: Unknown Mapper, 164(164)
轰天至尊[TXC](CN)[ACT](2Mb).nes	nes	262160	189	This ROM uses a mapper not supported by JSNES: Unknown Mapper, 189(189)
葫芦金刚[南晶科技](CN)[RPG](16Mb).nes	nes	2097168	163	This ROM uses a mapper not supported by JSNES: Unknown Mapper, 163(163)
幻世录[南晶科技](CN)[RPG](16Mb).nes	nes	2097168	163	This ROM uses a mapper not supported by JSNES: Unknown Mapper, 163(163)
幻想传说[南晶科技](CN)[RPG](16Mb).nes	nes	2097168	163	This ROM uses a mapper not supported by JSNES: Unknown Mapper, 163(163)
荒野大镖客(v1.0)[DMG](2Mb).nes	nes	163856	119	This ROM uses a mapper not supported by JSNES: Unknown Mapper, 119(119)
黄帝 - 涿鹿之战[Asder](CN)[ACT](3Mb).nes	nes	393232	112	This ROM uses a mapper not supported by JSNES: Unknown Mapper, 112(112)
黄飞鸿[南晶科技](CN)[RPG](4Mb).nes	nes	524304	241	This ROM uses a mapper not supported by JSNES: Unknown Mapper, 241(241)
黄金太阳[南晶科技](CN)[RPG](16Mb).nes	nes	2097168	163	This ROM uses a mapper not supported by JSNES: Unknown Mapper, 163(163)
毁灭之神[南晶科技](CN)[RPG](16Mb).nes	nes	2097168	163	This ROM uses a mapper not supported by JSNES: Unknown Mapper, 163(163)
魂斗罗 (v2)[Jixun汉化](JP)[ACT](3Mb).nes	nes	393232	23	This ROM uses a mapper not supported by JSNES: Konami VRC2a(23)
魂斗罗 力量(v1.2)[DMG](4Mb).nes	nes	524304	192	This ROM uses a mapper not supported by JSNES: Unknown Mapper, 192(192)
魂斗罗[九班汉化](JP)[ACT](2Mb).nes	nes	262160	23	This ROM uses a mapper not supported by JSNES: Konami VRC2a(23)
魂斗罗[酷酷小熊汉化 MS修正](JP)[ACT](2Mb).nes	nes	262160	23	This ROM uses a mapper not supported by JSNES: Konami VRC2a(23)
魂斗罗[星空汉化](JP)[ACT](2.06Mb).nes	nes	270352	23	This ROM uses a mapper not supported by JSNES: Konami VRC2a(23)
混沌世界[外星科技汉化](JP)[RPG](6Mb).nes	nes	786448	74	This ROM uses a mapper not supported by JSNES: Unknown Mapper(74)
火焰纹章 - 圣战的系谱[外星科技](CN)[RPG](8Mb).nes	nes	1048592	162	This ROM uses a mapper not supported by JSNES: Unknown Mapper, 162(162)
火影忍者[南晶科技](CN)[RPG](16Mb).nes	nes	2097168	163	This ROM uses a mapper not supported by JSNES: Unknown Mapper, 163(163)
霍元甲[南晶科技](CN)[RPG](4Mb).nes	nes	524304	241	This ROM uses a mapper not supported by JSNES: Unknown Mapper, 241(241)
机甲战士[外星科技](JP)[RPG](6Mb).nes	nes	786448	74	This ROM uses a mapper not supported by JSNES: Unknown Mapper(74)
机甲战士3[恒格电子](JP)[RPG](6Mb).nes	nes	786448	74	This ROM uses a mapper not supported by JSNES: Unknown Mapper(74)
机甲战士3[晶科泰](JP)[RPG](6Mb).nes	nes	786448	74	This ROM uses a mapper not supported by JSNES: Unknown Mapper(74)
机器人大战[南晶科技](CN)[SLG](16Mb).nes	nes	2097168	163	This ROM uses a mapper not supported by JSNES: Unknown Mapper, 163(163)
激斗圣战士[外星科技汉化](JP)[RPG](4Mb).nes	nes	524304	74	This ROM uses a mapper not supported by JSNES: Unknown Mapper(74)
剑侠情缘[酷哥电子](CN)[RPG](6Mb).nes	nes	786448	74	This ROM uses a mapper not supported by JSNES: Unknown Mapper(74)
剑侠情缘[南晶科技](CN)[RPG](16Mb).nes	nes	2097168	163	This ROM uses a mapper not supported by JSNES: Unknown Mapper, 163(163)
街霸3[天空联盟汉化](CN)[FTG](5Mb).nes	nes	655376	91	This ROM uses a mapper not supported by JSNES: Pirate HK-SF3 chip(91)
金卡王学习机[丰利](CN)[ETC](4Mb).nes	nes	524304	241	This ROM uses a mapper not supported by JSNES: Unknown Mapper, 241(241)
金卡V5[科王](CN)[ETC](4Mb).nes	nes	524304	241	This ROM uses a mapper not supported by JSNES: Unknown Mapper, 241(241)
金庸群侠传 - 书剑江山[南晶科技](CN)[RPG](16Mb).nes	nes	2097168	163	This ROM uses a mapper not supported by JSNES: Unknown Mapper, 163(163)
金字塔PEC-586学习卡[东达](CN)[ETC](4Mb).nes	nes	524304	170	This ROM uses a mapper not supported by JSNES: Unknown Mapper, 170(170)
金字塔PEC-686F学习卡[东达](CN)[ETC](4Mb).nes	nes	524304	170	This ROM uses a mapper not supported by JSNES: Unknown Mapper, 170(170)
金字塔PEC-9588学习卡[东达](CN)[ETC](4Mb).nes	nes	524304	170	This ROM uses a mapper not supported by JSNES: Unknown Mapper, 170(170)
荆轲新传[晶科泰](CN)[RPG](2Mb).nes	nes	262160	240	This ROM uses a mapper not supported by JSNES: Unknown Mapper, 240(240)
荆轲新传[Super Tone](CN)[RPG](2Mb).nes	nes	262160	240	This ROM uses a mapper not supported by JSNES: Unknown Mapper, 240(240)
精卫填海[恒格电子](CN)[AVG](8Mb).nes	nes	1048592	241	This ROM uses a mapper not supported by JSNES: Unknown Mapper, 241(241)
决战太平洋[外星科技](CN)[SLG](4Mb).nes	nes	524304	227	This ROM uses a mapper not supported by JSNES: Unknown Mapper, 227(227)
绝代双娇[南晶科技](CN)[RPG](4Mb).nes	nes	524304	241	This ROM uses a mapper not supported by JSNES: Unknown Mapper, 241(241)
卡拉OK[小霸王](CN)[ETC](8Mb).nes	nes	1048592	168	This ROM uses a mapper not supported by JSNES: Unknown Mapper, 168(168)
科乐美世界 (v20120904)[Nokoh汉化](JP)[ACT](4Mb).nes	nes	524304	23	This ROM uses a mapper not supported by JSNES: Konami VRC2a(23)
科王学习卡[科王](CN)[ETC](4Mb).nes	nes	524304	241	This ROM uses a mapper not supported by JSNES: Unknown Mapper, 241(241)
口袋宝石 - 红[南晶科技](CN)[RPG](16Mb).nes	nes	2097168	163	This ROM uses a mapper not supported by JSNES: Unknown Mapper, 163(163)
口袋宝石 - 金[南晶科技](CN)[RPG](16Mb).nes	nes	2097168	163	This ROM uses a mapper not supported by JSNES: Unknown Mapper, 163(163)
口袋宝石 - 蓝[南晶科技](CN)[RPG](16Mb).nes	nes	2097168	163	This ROM uses a mapper not supported by JSNES: Unknown Mapper, 163(163)
口袋宝石 - 银[南晶科技](CN)[RPG](16Mb).nes	nes	2097168	163	This ROM uses a mapper not supported by JSNES: Unknown Mapper, 163(163)
口袋精灵 - 金[火星电子 (147201688转简体版)](CN)[RPG](8Mb).nes	nes	1048592	15	This ROM uses a mapper not supported by JSNES: 100-in-1 switch(15)
口袋精灵 - 金[火星电子](CN)[RPG](8Mb).nes	nes	1048592	15	This ROM uses a mapper not supported by JSNES: 100-in-1 switch(15)
口袋精灵 - 金[WXN Decryption](CN)[RPG](8Mb).nes	nes	1048592	176	This ROM uses a mapper not supported by JSNES: Unknown Mapper, 176(176)
口袋精灵 - 水晶[火星电子](CN)[RPG](8Mb).nes	nes	1048592	164	This ROM uses a mapper not supported by JSNES: Unknown Mapper, 164(164)
口袋水晶[南晶科技](CN)[RPG](16Mb).nes	nes	2097168	163	This ROM uses a mapper not supported by JSNES: Unknown Mapper, 163(163)
口袋妖怪 - 钻石版[外星科技](CN)[RPG](8Mb).nes	nes	1048592	164	This ROM uses a mapper not supported by JSNES: Unknown Mapper, 164(164)
口袋钻石[南晶科技](CN)[RPG](16Mb).nes	nes	2097168	163	This ROM uses a mapper not supported by JSNES: Unknown Mapper, 163(163)
快打传说[Gouder](CN)[FTG](3Mb).nes	nes	393232	189	This ROM uses a mapper not supported by JSNES: Unknown Mapper, 189(189)
快打旋风[Madcell汉化](JP)[ACT](2.25Mb).nes	nes	294928	191	This ROM uses a mapper not supported by JSNES: Unknown Mapper, 191(191)
快打旋风3[dfqshy汉化](CN)[ACT](6Mb).nes	nes	786448	90	This ROM uses a mapper not supported by JSNES: Unknown Mapper(90)
快杰洋枪丸2 - 机关之地大冒险[烈火暴龙汉化](JP)[ACT](2Mb).nes	nes	262160	32	This ROM uses a mapper not supported by JSNES: Irem G-101 chip(32)
快杰洋枪丸3 - 对决!相凌轩[烈火暴龙汉化](JP)[ACT](2Mb).nes	nes	262160	65	This ROM uses a mapper not supported by JSNES: Irem H-3001 chip(65)
拉迪亚战记[外星科技汉化](JP)[RPG](6Mb).nes	nes	786448	199	This ROM uses a mapper not supported by JSNES: Unknown Mapper, 199(199)
拉格朗日点 (v1.1)[未名汉化组汉化](JP)[RPG](8Mb).nes	nes	1048592	85	This ROM uses a mapper not supported by JSNES: Unknown Mapper(85)
蜡笔小新[Future](CN)[ACT](3Mb).nes	nes	393232	117	This ROM uses a mapper not supported by JSNES: Unknown Mapper, 117(117)
雷电2[三协资讯](CN)[STG](2Mb).nes	nes	262160	115	This ROM uses a mapper not supported by JSNES: Unknown Mapper, 115(115)
雷电皇 - 比卡丘传说[南晶科技](CN)[RPG](16Mb).nes	nes	2097168	163	This ROM uses a mapper not supported by JSNES: Unknown Mapper, 163(163)
雷霆任务[金明汉化](JP)[ACT](2Mb).nes	nes	262160	64	This ROM uses a mapper not supported by JSNES: Tengen RAMBO-1 chip(64)
梁山英雄[南晶科技](CN)[RPG](16Mb).nes	nes	2097168	163	This ROM uses a mapper not supported by JSNES: Unknown Mapper, 163(163)
梁山英雄传[奔升](CN)[SLG](4Mb).nes	nes	524304	74	This ROM uses a mapper not supported by JSNES: Unknown Mapper(74)
六角方块[TXC](CN)[PUZ](0.75Mb).nes	nes	98320	132	This ROM uses a mapper not supported by JSNES: Unknown Mapper, 132(132)
龙魂 - 新的传说[Nineswords汉化](JP)[STG](6Mb).nes	nes	786464	88	This ROM uses a mapper not supported by JSNES: Unknown Mapper(88)
龙魂 - 新的血族[Nineswords汉化](JP)[STG](6Mb).nes	nes	786464	88	This ROM uses a mapper not supported by JSNES: Unknown Mapper(88)
龙域天下[外星科技汉化](JP)[RPG](6Mb).nes	nes	786448	74	This ROM uses a mapper not supported by JSNES: Unknown Mapper(74)
龙之忍者[MS汉化](JP)[ACT](2Mb).nes	nes	262160	19	This ROM uses a mapper not supported by JSNES: Namcot 106 chip(19)
龙珠Z - 超武斗传2[天空联盟汉化](CN)[FTG](3Mb).nes	nes	393232	91	This ROM uses a mapper not supported by JSNES: Pirate HK-SF3 chip(91)
龙珠Z - 强袭！赛亚人[外星科技汉化](JP)[RPG](6Mb).nes	nes	786448	253	This ROM uses a mapper not supported by JSNES: Unknown Mapper, 253(253)
龙珠Z 强袭！赛亚人(大陆译名)(2019公测版)[Lirdrepus](6Mb).nes	nes	786448	253	This ROM uses a mapper not supported by JSNES: Unknown Mapper, 253(253)
龙珠Z 强袭！赛亚人(香港译名)(2019公测版)[Lirdrepus](6Mb).nes	nes	786448	253	This ROM uses a mapper not supported by JSNES: Unknown Mapper, 253(253)
龙珠Z2 - 电光火石[外星科技汉化](JP)[RPG](6Mb).nes	nes	786448	74	This ROM uses a mapper not supported by JSNES: Unknown Mapper(74)
龙珠Z2 - 激战弗利萨[酷哥电子](JP)[RPG](6Mb).nes	nes	786448	74	This ROM uses a mapper not supported by JSNES: Unknown Mapper(74)
龙珠Z2 - 激战弗利萨[外星科技汉化](JP)[RPG](6Mb).nes	nes	786448	74	This ROM uses a mapper not supported by JSNES: Unknown Mapper(74)
龙珠Z2 激战弗利萨 (大陆译名)[Lirdrepus](6Mb).nes	nes	786448	199	This ROM uses a mapper not supported by JSNES: Unknown Mapper, 199(199)
龙珠Z2 激战弗利萨 (香港译名)[Lirdrepus](6Mb).nes	nes	786448	199	This ROM uses a mapper not supported by JSNES: Unknown Mapper, 199(199)
龙珠Z3 - 人造人列传[外星科技汉化](JP)[RPG](6Mb).nes	nes	786448	74	This ROM uses a mapper not supported by JSNES: Unknown Mapper(74)
龙珠Z3 人造人列传 (大陆译名)[Lirdrepus](6Mb).nes	nes	786448	199	This ROM uses a mapper not supported by JSNES: Unknown Mapper, 199(199)
龙珠Z3 人造人列传 (香港译名)[Lirdrepus](6Mb).nes	nes	786448	199	This ROM uses a mapper not supported by JSNES: Unknown Mapper, 199(199)
龙珠Z外传 - 赛亚人灭绝计划[恒格电子](JP)[RPG](6Mb).nes	nes	786448	253	This ROM uses a mapper not supported by JSNES: Unknown Mapper, 253(253)
龙珠Z外传 - 赛亚人灭绝计划[酷哥电子](JP)[RPG](6Mb).nes	nes	786448	253	This ROM uses a mapper not supported by JSNES: Unknown Mapper, 253(253)
龙珠Z外传 - 赛亚人灭绝计划[外星科技汉化](JP)[RPG](6Mb).nes	nes	786448	74	This ROM uses a mapper not supported by JSNES: Unknown Mapper(74)
龙珠Z外传 赛亚人灭绝计划 (大陆译名)[Lirdrepus](6Mb).nes	nes	786448	253	This ROM uses a mapper not supported by JSNES: Unknown Mapper, 253(253)
龙珠Z外传 赛亚人灭绝计划 (香港译名)[Lirdrepus](6Mb).nes	nes	786448	253	This ROM uses a mapper not supported by JSNES: Unknown Mapper, 253(253)
鹿鼎记[南晶科技](CN)[RPG](4Mb).nes	nes	524304	241	This ROM uses a mapper not supported by JSNES: Unknown Mapper, 241(241)
洛克人X[外星科技](JP)[TAB](4Mb).nes	nes	524304	74	This ROM uses a mapper not supported by JSNES: Unknown Mapper(74)
麻将方块[Idea-Tek](CN)[PUZ](0.5Mb).nes	nes	65552	173	This ROM uses a mapper not supported by JSNES: Unknown Mapper, 173(173)
麻雀世界 - 歌舞伎町篇[Sachen](CN)[TAB](1Mb).nes	nes	131088	146	This ROM uses a mapper not supported by JSNES: Unknown Mapper, 146(146)
麻雀世界[Sachen](CN)[TAB](1Mb).nes	nes	131088	148	This ROM uses a mapper not supported by JSNES: Unknown Mapper, 148(148)
马步迷阵 & 趣味成语屋[小霸王](CN)[PUZ](2Mb).nes	nes	262160	241	This ROM uses a mapper not supported by JSNES: Unknown Mapper, 241(241)
美国富豪[恒格电子](CN)[TAB](8Mb).nes	nes	1048592	177	This ROM uses a mapper not supported by JSNES: Unknown Mapper, 177(177)
美女拳[Sachen](CN)[PUZ](1.25Mb).nes	nes	163856	150	This ROM uses a mapper not supported by JSNES: Unknown Mapper, 150(150)
美少女梦工厂[Sachen](CN)[AVG](12Mb).unf	unf	1573019	-	Not an iNES ROM: header is not NES<EOF>
盟军赶死队[外星科技](CN)[RPG](4Mb).nes	nes	524304	241	This ROM uses a mapper not supported by JSNES: Unknown Mapper, 241(241)
梦幻沙漏[南晶科技](CN)[RPG](16Mb).nes	nes	2097168	163	This ROM uses a mapper not supported by JSNES: Unknown Mapper, 163(163)
梦幻之星4[外星科技](CN)[RPG](8Mb).nes	nes	1048592	176	This ROM uses a mapper not supported by JSNES: Unknown Mapper, 176(176)
梦境之王[外星科技](JP)[RPG](6Mb).nes	nes	786448	74	This ROM uses a mapper not supported by JSNES: Unknown Mapper(74)
梦企鹅物语 (v1.2)[汉化你妹汉化组汉化](JP)[ACT](3Mb).nes	nes	393232	191	This ROM uses a mapper not supported by JSNES: Unknown Mapper, 191(191)
迷宫封印[Sachen](CN)[PUZ](1Mb).nes	nes	131088	141	This ROM uses a mapper not supported by JSNES: Unknown Mapper, 141(141)
迷魂车[Puszta汉化](CN)[ACT](0.75Mb).nes	nes	98320	133	This ROM uses a mapper not supported by JSNES: Unknown Mapper, 133(133)
魔幻世界[南晶科技](CN)[RPG](16Mb).nes	nes	2097168	163	This ROM uses a mapper not supported by JSNES: Unknown Mapper, 163(163)
魔界霸主[南晶科技](CN)[RPG](16Mb).nes	nes	2097168	163	This ROM uses a mapper not supported by JSNES: Unknown Mapper, 163(163)
魔界塔士[南晶科技](CN)[RPG](16Mb).nes	nes	2097168	163	This ROM uses a mapper not supported by JSNES: Unknown Mapper, 163(163)
魔力战士[恒格电子](CN)[RPG](4Mb).nes	nes	524304	241	This ROM uses a mapper not supported by JSNES: Unknown Mapper, 241(241)
魔女小红帽 (繁体中文版)[冰组汉化](JP)[ACT](2.12Mb).nes	nes	278544	74	This ROM uses a mapper not supported by JSNES: Unknown Mapper(74)
魔女小红帽 (简体中文版)[冰组汉化](JP)[ACT](2.12Mb).nes	nes	278544	74	This ROM uses a mapper not supported by JSNES: Unknown Mapper(74)
魔兽世界 - 恶魔猎人[南晶科技](CN)[RPG](8Mb).nes	nes	1048592	163	This ROM uses a mapper not supported by JSNES: Unknown Mapper, 163(163)
牧场物语[南晶科技](CN)[RPG](16Mb).nes	nes	2097168	163	This ROM uses a mapper not supported by JSNES: Unknown Mapper, 163(163)
哪吒传奇[南晶科技](CN)[RPG](16Mb).nes	nes	2097168	163	This ROM uses a mapper not supported by JSNES: Unknown Mapper, 163(163)
农场小精灵[南晶科技](CN)[RPG](16Mb).nes	nes	2097168	163	This ROM uses a mapper not supported by JSNES: Unknown Mapper, 163(163)
女神的救赎[外星科技汉化](JP)[RPG](5Mb).nes	nes	655376	74	This ROM uses a mapper not supported by JSNES: Unknown Mapper(74)
泡泡龙2 (v20110207)[Nokoh汉化](JP)[ACT](2.12Mb).nes	nes	278544	48	This ROM uses a mapper not supported by JSNES: Unknown Mapper(48)
平成BT帝国战[小鬼混汉化](JP)[ACT](2Mb).nes	nes	262160	19	This ROM uses a mapper not supported by JSNES: Namcot 106 chip(19)
破釜沉舟[WXN Decryption](CN)[RPG](4Mb).nes	nes	524304	176	This ROM uses a mapper not supported by JSNES: Unknown Mapper, 176(176)
扑克麻雀[Sachen](CN)[TAB](0.5Mb).nes	nes	65552	141	This ROM uses a mapper not supported by JSNES: Unknown Mapper, 141(141)
七国大战[南晶科技](CN)[SLG](8Mb).nes	nes	1048592	163	This ROM uses a mapper not supported by JSNES: Unknown Mapper, 163(163)
七龙珠大冒险[南晶科技](CN)[RPG](8Mb).nes	nes	1048592	163	This ROM uses a mapper not supported by JSNES: Unknown Mapper, 163(163)
七龙珠Z - 超武斗传5 (可选语言版)[Rex](CN)[ACT](6Mb).nes	nes	786448	12	This ROM uses a mapper not supported by JSNES: FFE F6xxx(12)
齐天大圣[南晶科技](CN)[RPG](4Mb).nes	nes	524304	241	This ROM uses a mapper not supported by JSNES: Unknown Mapper, 241(241)
棋王[TXC](CN)[TAB](0.75Mb).nes	nes	98320	133	This ROM uses a mapper not supported by JSNES: Unknown Mapper, 133(133)
启智屋A[小霸王](CN)[PUZ](2Mb).nes	nes	262160	241	This ROM uses a mapper not supported by JSNES: Unknown Mapper, 241(241)
启智屋B[小霸王](CN)[PUZ](2Mb).nes	nes	262160	241	This ROM uses a mapper not supported by JSNES: Unknown Mapper, 241(241)
拳皇R-1 最强格斗王[南晶科技](CN)[RPG](4Mb).nes	nes	524304	163	This ROM uses a mapper not supported by JSNES: Unknown Mapper, 163(163)
拳皇R-2 大蛇四天王[南晶科技](CN)[RPG](4Mb).nes	nes	524304	241	This ROM uses a mapper not supported by JSNES: Unknown Mapper, 241(241)
热血高校躲避球部 - 足球篇 (繁体中文版)[AXI AHE汉化](JP)[SPG](7Mb).nes	nes	917536	74	This ROM uses a mapper not supported by JSNES: Unknown Mapper(74)
热血高校躲避球部 - 足球篇 (简体中文版)[AXI AHE汉化](JP)[SPG](7Mb).nes	nes	917536	74	This ROM uses a mapper not supported by JSNES: Unknown Mapper(74)
热血格斗传说 (繁体中文版) (v20130718)[AXI AHE汉化](JP)[FTG](3.11Mb).nes	nes	408768	74	This ROM uses a mapper not supported by JSNES: Unknown Mapper(74)
热血格斗传说 (简体中文版) (v20130718)[AXI AHE汉化](JP)[FTG](3.11Mb).nes	nes	408768	74	This ROM uses a mapper not supported by JSNES: Unknown Mapper(74)
热血曲棍球 (繁体中文版)[AXI AHE汉化](JP)[SPG](4Mb).nes	nes	524304	74	This ROM uses a mapper not supported by JSNES: Unknown Mapper(74)
热血曲棍球 (简体中文版)[AXI AHE汉化](JP)[SPG](4Mb).nes	nes	524304	74	This ROM uses a mapper not supported by JSNES: Unknown Mapper(74)
热血时代剧 (繁体中文版) (v0.91)[AXI AHE汉化](JP)[ACT](2.5Mb).nes	nes	327696	191	This ROM uses a mapper not supported by JSNES: Unknown Mapper, 191(191)
热血时代剧 (简体中文版) (v0.8)[AXI AHE汉化](JP)[ACT](2.5Mb).nes	nes	327696	191	This ROM uses a mapper not supported by JSNES: Unknown Mapper, 191(191)
热血物语[madcell汉化](JP)[ACT](2.5Mb).nes	nes	327696	191	This ROM uses a mapper not supported by JSNES: Unknown Mapper, 191(191)
热血新记录 (繁体中文版) (v1.0)[AXI AHE汉化](JP)[SPG](4Mb).nes	nes	524304	74	This ROM uses a mapper not supported by JSNES: Unknown Mapper(74)
热血新记录 (简体中文版) (v1.1)[AXI AHE汉化](JP)[SPG](4Mb).nes	nes	524304	74	This ROM uses a mapper not supported by JSNES: Unknown Mapper(74)
忍者龙剑传[TPU汉化](JP)[ACT](3Mb).nes	nes	393232	111	This ROM uses a mapper not supported by JSNES: Unknown Mapper, 111(111)
忍者猫 (v1.11)[汉化你妹汉化组汉化](JP)[ACT](4Mb).nes	nes	524304	195	This ROM uses a mapper not supported by JSNES: Unknown Mapper, 195(195)
忍者神龟2 - 曼哈顿计划 (v1.1)[未名汉化组 & 法兰克飞鸟汉化](JP)[ACT](6Mb).nes	nes	786960	25	This ROM uses a mapper not supported by JSNES: Konami VRC4b(25)
忍者神龟3[勒大治汉化 MS修正](JP)[ACT](4Mb).nes	nes	524304	25	This ROM uses a mapper not supported by JSNES: Konami VRC4b(25)
认知码学习[小霸王](CN)[ETC](4Mb).nes	nes	524304	167	This ROM uses a mapper not supported by JSNES: Unknown Mapper, 167(167)
任天堂战争[快乐的龙汉化](JP)[SLG](2Mb).nes	nes	262160	10	This ROM uses a mapper not supported by JSNES: Nintendo MMC4(10)
荣丰学习卡[荣丰](CN)[ETC](2Mb).nes	nes	262160	241	This ROM uses a mapper not supported by JSNES: Unknown Mapper, 241(241)
荣耀之骑士团[酷哥电子](JP)[RPG](6Mb).nes	nes	786448	199	This ROM uses a mapper not supported by JSNES: Unknown Mapper, 199(199)
塞尔达传说 - 林克冒险[小笨笨汉化](US)[ACT](2Mb).nes	nes	262160	19	This ROM uses a mapper not supported by JSNES: Namcot 106 chip(19)
塞尔达传说 - 三神之力[外星科技](CN)[RPG](16Mb).nes	nes	2097168	162	This ROM uses a mapper not supported by JSNES: Unknown Mapper, 162(162)
塞尔达传说 - 神奇的帽子[南晶科技](CN)[RPG](16Mb).nes	nes	2097168	163	This ROM uses a mapper not supported by JSNES: Unknown Mapper, 163(163)
三国春秋 - 四川省[卡圣](CN)[TAB](2Mb).nes	nes	262160	115	This ROM uses a mapper not supported by JSNES: Unknown Mapper, 115(115)
三国大乱斗 - 战国[南晶科技](CN)[RPG](8Mb).nes	nes	1048592	163	This ROM uses a mapper not supported by JSNES: Unknown Mapper, 163(163)
三国群侠传[南晶科技](CN)[RPG](16Mb).nes	nes	2097168	163	This ROM uses a mapper not supported by JSNES: Unknown Mapper, 163(163)
三国桃园记[未知](CN)[RPG](4Mb).nes	nes	524304	227	This ROM uses a mapper not supported by JSNES: Unknown Mapper, 227(227)
三国无双 - 猛将传[南晶科技](CN)[RPG](16Mb).nes	nes	2097168	163	This ROM uses a mapper not supported by JSNES: Unknown Mapper, 163(163)
三国志 - 傲视天地[南晶科技](CN)[RPG](16Mb).nes	nes	2097168	163	This ROM uses a mapper not supported by JSNES: Unknown Mapper, 163(163)
三国志 - 曹操传[南晶科技](CN)[RPG](16Mb).nes	nes	2097168	163	This ROM uses a mapper not supported by JSNES: Unknown Mapper, 163(163)
三国志 - 赤壁之战[Asder](CN)[ACT](3Mb).nes	nes	393232	112	This ROM uses a mapper not supported by JSNES: Unknown Mapper, 112(112)
三国志 - 吕布传[南晶科技](CN)[RPG](16Mb).nes	nes	2097168	163	This ROM uses a mapper not supported by JSNES: Unknown Mapper, 163(163)
三国志 - 千军破[恒格电子](JP)[SLG](8Mb).nes	nes	1048592	241	This ROM uses a mapper not supported by JSNES: Unknown Mapper, 241(241)
三国志 - 群雄争霸[Asder](CN)[FTG](3Mb).nes	nes	393232	112	This ROM uses a mapper not supported by JSNES: Unknown Mapper, 112(112)
三国志 - 雄霸天下[外星科技](CN)[SLG](4Mb).nes	nes	524304	176	This ROM uses a mapper not supported by JSNES: Unknown Mapper, 176(176)
三国志[外星科技汉化](JP)[SLG](3Mb).nes	nes	393232	252	This ROM uses a mapper not supported by JSNES: Unknown Mapper, 252(252)
三国志2 - 霸王的大陆 (繁体中文版)[宣云 张晓波 蓝一冬 汉化](JP)[SLG](6.93Mb).exe	exe	909312	-	Not an iNES ROM: header is not NES<EOF>
三国志2 - 霸王的大陆 (简体中文版)[宣云 张晓波 蓝一冬 汉化](JP)[SLG](6.93Mb).exe	exe	909312	-	Not an iNES ROM: header is not NES<EOF>
三国志2 - 霸王的大陆 (中文加强版)[外星游戏大厅](JP)[SLG](6Mb).nes	nes	786448	74	This ROM uses a mapper not supported by JSNES: Unknown Mapper(74)
三国志2 - 霸王的大陆 (v0.95) (v20170430)[霸王的大陆](JP)[SLG](4Mb).nes	nes	524304	19	This ROM uses a mapper not supported by JSNES: Namcot 106 chip(19)
三国志2 - 霸王的大陆 (v3.1) (v20170519)[霸王的大陆](JP)[SLG](4Mb).nes	nes	524304	19	This ROM uses a mapper not supported by JSNES: Namcot 106 chip(19)
三国志2[恒格电子](JP)[SLG](8Mb).nes	nes	1048592	241	This ROM uses a mapper not supported by JSNES: Unknown Mapper, 241(241)
三国志2[外星科技汉化](JP)[SLG](8Mb).nes	nes	1048592	164	This ROM uses a mapper not supported by JSNES: Unknown Mapper, 164(164)
三国志4 - 赤壁风云[Future](CN)[ACT](4Mb).nes	nes	524304	117	This ROM uses a mapper not supported by JSNES: Unknown Mapper, 117(117)
三国忠烈传[外星科技](CN)[RPG](4Mb).nes	nes	524304	178	This ROM uses a mapper not supported by JSNES: Unknown Mapper, 178(178)
三十六计[外星科技](CN)[TAB](4Mb).nes	nes	524304	249	This ROM uses a mapper not supported by JSNES: Unknown Mapper, 249(249)
三侠五义 - 御猫传奇[外星科技](CN)[RPG](8Mb).nes	nes	1048592	176	This ROM uses a mapper not supported by JSNES: Unknown Mapper, 176(176)
沙罗曼蛇2[烈火暴龙汉化](JP)[STG](2Mb).nes	nes	262160	25	This ROM uses a mapper not supported by JSNES: Konami VRC4b(25)
沙罗曼蛇2[未知](JP)[STG](2Mb).nes	nes	262160	25	This ROM uses a mapper not supported by JSNES: Konami VRC4b(25)
闪闪的红星[南晶科技](CN)[RPG](4Mb).nes	nes	524304	163	This ROM uses a mapper not supported by JSNES: Unknown Mapper, 163(163)
上古神殿[外星科技汉化](JP)[RPG](6Mb).nes	nes	786448	199	This ROM uses a mapper not supported by JSNES: Unknown Mapper, 199(199)
上古神剑[恒格电子](CN)[SLG](8Mb).nes	nes	1048592	177	This ROM uses a mapper not supported by JSNES: Unknown Mapper, 177(177)
上海大亨[外星科技](CN)[TAB](4Mb).nes	nes	524304	15	This ROM uses a mapper not supported by JSNES: 100-in-1 switch(15)
少林武者[Sachen](CN)[ACT](2Mb).nes	nes	262160	147	This ROM uses a mapper not supported by JSNES: Unknown Mapper, 147(147)
少年游侠[外星科技](CN)[RPG](6Mb).nes	nes	786448	74	This ROM uses a mapper not supported by JSNES: Unknown Mapper(74)
射雕英雄传[南晶科技](CN)[RPG](4Mb).nes	nes	524304	241	This ROM uses a mapper not supported by JSNES: Unknown Mapper, 241(241)
神风剑[外星科技](JP)[RPG](8Mb).nes	nes	1048592	176	This ROM uses a mapper not supported by JSNES: Unknown Mapper, 176(176)
神鬼传奇[外星科技](CN)[RPG](8Mb).nes	nes	1048592	162	This ROM uses a mapper not supported by JSNES: Unknown Mapper, 162(162)
神话剑云3[恒格电子](JP)[RPG](6Mb).nes	nes	786448	253	This ROM uses a mapper not supported by JSNES: Unknown Mapper, 253(253)
神密金三角[外星科技汉化](JP)[RPG](1Mb).nes	nes	131088	245	This ROM uses a mapper not supported by JSNES: Unknown Mapper, 245(245)
生化危机[外星科技](CN)[AVG](8Mb).nes	nes	1048592	15	This ROM uses a mapper not supported by JSNES: 100-in-1 switch(15)
生命的奇迹 - 超级宝宝[MS汉化](JP)[ACT](2Mb).nes	nes	262160	25	This ROM uses a mapper not supported by JSNES: Konami VRC4b(25)
圣斗士星矢 - 北欧突击篇[南晶科技](CN)[RPG](8Mb).nes	nes	1048592	163	This ROM uses a mapper not supported by JSNES: Unknown Mapper, 163(163)
圣斗士星矢 - 黄金传说完结篇 (繁体中文版) (v1.0)[汉化你妹汉化组汉化](JP)[RPG](4Mb).nes	nes	524304	67	This ROM uses a mapper not supported by JSNES: SunSoft3 chip(67)
圣斗士星矢 - 黄金传说完结篇 (简体中文版) (v1.0)[汉化你妹汉化组汉化](JP)[RPG](4Mb).nes	nes	524304	67	This ROM uses a mapper not supported by JSNES: SunSoft3 chip(67)
圣斗士星矢 - 天马之幻想[南晶科技](CN)[RPG](16Mb).nes	nes	2097168	163	This ROM uses a mapper not supported by JSNES: Unknown Mapper, 163(163)
圣火徽章 - 索非亚复苏[外星科技汉化](JP)[SLG](5Mb).nes	nes	655376	165	This ROM uses a mapper not supported by JSNES: Unknown Mapper, 165(165)
圣火徽章[外星科技汉化](JP)[RPG](5Mb).nes	nes	655376	165	This ROM uses a mapper not supported by JSNES: Unknown Mapper, 165(165)
圣火徽章3[外星科技](CN)[RPG](8Mb).nes	nes	1048592	162	This ROM uses a mapper not supported by JSNES: Unknown Mapper, 162(162)
圣火徽章外传 (繁体中文版)[宣云 张晓波 汉化](JP)[SLG](5.43Mb).exe	exe	712704	-	Not an iNES ROM: header is not NES<EOF>
圣火徽章外传 (简体中文版)[宣云 张晓波 汉化](JP)[SLG](5.43Mb).exe	exe	712704	-	Not an iNES ROM: header is not NES<EOF>
圣火徽章外传[酷哥电子](JP)[SLG](5Mb).nes	nes	655376	165	This ROM uses a mapper not supported by JSNES: Unknown Mapper, 165(165)
圣火列传[晶科泰](CN)[RPG](2Mb).nes	nes	262160	240	This ROM uses a mapper not supported by JSNES: Unknown Mapper, 240(240)
圣火列传[C&E Inc](CN)[RPG](2Mb).nes	nes	262160	240	This ROM uses a mapper not supported by JSNES: Unknown Mapper, 240(240)
圣火少侠[南晶科技](CN)[RPG](2Mb).nes	nes	262160	240	This ROM uses a mapper not supported by JSNES: Unknown Mapper, 240(240)
圣剑传说[南晶科技](CN)[RPG](16Mb).nes	nes	2097168	163	This ROM uses a mapper not supported by JSNES: Unknown Mapper, 163(163)
石器时代[南晶科技](CN)[RPG](16Mb).nes	nes	2097168	163	This ROM uses a mapper not supported by JSNES: Unknown Mapper, 163(163)
时空斗士[南晶科技](CN)[RPG](16Mb).nes	nes	2097168	163	This ROM uses a mapper not supported by JSNES: Unknown Mapper, 163(163)
时空之轮[南晶科技](CN)[RPG](16Mb).nes	nes	2097168	163	This ROM uses a mapper not supported by JSNES: Unknown Mapper, 163(163)
侍魂 (可选语言版)[Sachen](CN)[FTG](8Mb).unf	unf	1048673	-	Not an iNES ROM: header is not NES<EOF>
视窗系统2000[三佳](CN)[ETC](4Mb).nes	nes	524304	178	This ROM uses a mapper not supported by JSNES: Unknown Mapper, 178(178)
视窗系统2000[小霸王](CN)[ETC](4Mb).nes	nes	524304	178	This ROM uses a mapper not supported by JSNES: Unknown Mapper, 178(178)
数独 & 五子棋[南晶科技](CN)[PUZ](2Mb).nes	nes	262160	198	This ROM uses a mapper not supported by JSNES: Unknown Mapper, 198(198)
数独四合一[未知](CN)[PUZ](1.5Mb).unf	unf	196702	-	Not an iNES ROM: header is not NES<EOF>
数码宝贝[酷哥电子](CN)[RPG](8Mb).nes	nes	1048592	241	This ROM uses a mapper not supported by JSNES: Unknown Mapper, 241(241)
数码暴龙[南晶科技](CN)[RPG](16Mb).nes	nes	2097168	163	This ROM uses a mapper not supported by JSNES: Unknown Mapper, 163(163)
数码暴龙4 - 水晶版[外星科技](CN)[RPG](8Mb).nes	nes	1048592	164	This ROM uses a mapper not supported by JSNES: Unknown Mapper, 164(164)
数码战队2[南晶科技](CN)[RPG](16Mb).nes	nes	2097168	163	This ROM uses a mapper not supported by JSNES: Unknown Mapper, 163(163)
数学教授系统 - 小学三年级[小霸王](CN)[ETC](4Mb).nes	nes	524304	241	This ROM uses a mapper not supported by JSNES: Unknown Mapper, 241(241)
数学小状元[数奇玉](CN)[ETC](1.5Mb).nes	nes	196624	176	This ROM uses a mapper not supported by JSNES: Unknown Mapper, 176(176)
双截龙3[Madcell汉化](JP)[ACT](2.25Mb).nes	nes	294928	191	This ROM uses a mapper not supported by JSNES: Unknown Mapper, 191(191)
双月传[外星科技](JP)[RPG](8Mb).nes	nes	1048592	176	This ROM uses a mapper not supported by JSNES: Unknown Mapper, 176(176)
水浒传[外星科技](CN)[SLG](4Mb).nes	nes	524304	249	This ROM uses a mapper not supported by JSNES: Unknown Mapper, 249(249)
水浒神兽[南晶科技](CN)[RPG](16Mb).nes	nes	2097168	163	This ROM uses a mapper not supported by JSNES: Unknown Mapper, 163(163)
水浒神兽[外星科技](CN)[RPG](8Mb).nes	nes	1048592	176	This ROM uses a mapper not supported by JSNES: Unknown Mapper, 176(176)
水浒III[南晶科技](CN)[SLG](8Mb).nes	nes	1048592	163	This ROM uses a mapper not supported by JSNES: Unknown Mapper, 163(163)
说明.txt	txt	2798	-	Not an iNES ROM: header is not NES<EOF>
丝路传奇[恒格电子](CN)[RPG](8Mb).nes	nes	1048592	241	This ROM uses a mapper not supported by JSNES: Unknown Mapper, 241(241)
松鼠大作战 (v1.1)[汉化你妹汉化组汉化](JP)[ACT](3Mb).nes	nes	393232	192	This ROM uses a mapper not supported by JSNES: Unknown Mapper, 192(192)
松鼠大作战2 (v1.13)[汉化你妹汉化组汉化](JP)[ACT](3Mb).nes	nes	393232	192	This ROM uses a mapper not supported by JSNES: Unknown Mapper, 192(192)
隋唐英雄[南晶科技](CN)[SLG](8Mb).nes	nes	1048592	163	This ROM uses a mapper not supported by JSNES: Unknown Mapper, 163(163)
台湾花牌麻雀[Sachen](CN)[TAB](0.37Mb).nes	nes	49168	150	This ROM uses a mapper not supported by JSNES: Unknown Mapper, 150(150)
台湾麻雀[Sachen](CN)[TAB](0.37Mb).nes	nes	49168	149	This ROM uses a mapper not supported by JSNES: Unknown Mapper, 149(149)
太空幻想[南晶科技](CN)[RPG](16Mb).nes	nes	2097168	163	This ROM uses a mapper not supported by JSNES: Unknown Mapper, 163(163)
太空战士5[火星电子](CN)[RPG](4Mb).nes	nes	524304	164	This ROM uses a mapper not supported by JSNES: Unknown Mapper, 164(164)
唐伯虎点秋香[南晶科技](CN)[RPG](4Mb).nes	nes	524304	241	This ROM uses a mapper not supported by JSNES: Unknown Mapper, 241(241)
天龙八部[南晶科技](CN)[RPG](8Mb).nes	nes	1048592	163	This ROM uses a mapper not supported by JSNES: Unknown Mapper, 163(163)
天神之剑[外星科技汉化](JP)[RPG](6Mb).nes	nes	786448	74	This ROM uses a mapper not supported by JSNES: Unknown Mapper(74)
天使之翼2 (v20151001)[太阳王子葵新伍汉化](JP)[SPG](6Mb).nes	nes	786448	74	This ROM uses a mapper not supported by JSNES: Unknown Mapper(74)
天使之翼2[外星科技汉化 (lirdrepus繁体版 KANOU转简体第二版)](JP)[SPG](6Mb).nes	nes	786448	74	This ROM uses a mapper not supported by JSNES: Unknown Mapper(74)
天使之翼2[外星科技汉化 (lirdrepus转繁体版)](JP)[SPG](6Mb).nes	nes	786448	74	This ROM uses a mapper not supported by JSNES: Unknown Mapper(74)
天使之翼2[外星科技汉化](JP)[SPG](6Mb).nes	nes	786448	74	This ROM uses a mapper not supported by JSNES: Unknown Mapper(74)
天使之翼2[MS汉化](JP)[SPG](6Mb).nes	nes	786448	74	This ROM uses a mapper not supported by JSNES: Unknown Mapper(74)
挑战汉卡[新科](CN)[ETC](4Mb).nes	nes	524304	241	This ROM uses a mapper not supported by JSNES: Unknown Mapper, 241(241)
铁血联盟[恒格电子](JP)[RPG](6Mb).nes	nes	786448	74	This ROM uses a mapper not supported by JSNES: Unknown Mapper(74)
突击[Joy Van](CN)[ACT](1Mb).nes	nes	131088	79	This ROM uses a mapper not supported by JSNES: Unknown Mapper(79)
图形推理 & 智力拼图[先锋卡通](CN)[PUZ](4Mb).nes	nes	524304	241	This ROM uses a mapper not supported by JSNES: Unknown Mapper, 241(241)
兔宝宝大冒险[MS汉化](JP)[ACT](2Mb).nes	nes	262160	23	This ROM uses a mapper not supported by JSNES: Konami VRC2a(23)
兔宝宝历险记2[烈火暴龙汉化](JP)[ACT](2Mb).nes	nes	262160	85	This ROM uses a mapper not supported by JSNES: Unknown Mapper(85)
推倒胡麻将[凯程电子汉化](JP)[TAB](0.5Mb).nes	nes	65552	171	This ROM uses a mapper not supported by JSNES: Unknown Mapper, 171(171)
吞食天地2 - 秋风五丈原 (吞1音乐) (v20170225)[NT汉化组](JP)[RPG](5Mb).nes	nes	655376	198	This ROM uses a mapper not supported by JSNES: Unknown Mapper, 198(198)
吞食天地2 - 秋风五丈原 (吞2音乐) (v20170225)[NT汉化组](JP)[RPG](5Mb).nes	nes	655376	198	This ROM uses a mapper not supported by JSNES: Unknown Mapper, 198(198)
吞食天地2 (不花屏版)[先锋卡通汉化](JP)[RPG](8Mb).nes	nes	1048592	74	This ROM uses a mapper not supported by JSNES: Unknown Mapper(74)
吞食天地6 - 刘备传[南晶科技](CN)[RPG](8Mb).nes	nes	1048592	163	This ROM uses a mapper not supported by JSNES: Unknown Mapper, 163(163)
外星战士[外星科技 (147201688转简体版)](CN)[RPG](4Mb).nes	nes	524304	242	This ROM uses a mapper not supported by JSNES: Unknown Mapper, 242(242)
外星战士[外星科技](CN)[RPG](4Mb).nes	nes	524304	242	This ROM uses a mapper not supported by JSNES: Unknown Mapper, 242(242)
外星战士2[外星科技 (147201688转简体版)](CN)[RPG](8Mb).nes	nes	1048592	15	This ROM uses a mapper not supported by JSNES: 100-in-1 switch(15)
外星战士2[外星科技](CN)[RPG](8Mb).nes	nes	1048592	15	This ROM uses a mapper not supported by JSNES: 100-in-1 switch(15)
王者无双[南晶科技](CN)[RPG](4Mb).nes	nes	524304	241	This ROM uses a mapper not supported by JSNES: Unknown Mapper, 241(241)
王中霸学习卡[荣丰](CN)[ETC](4Mb).nes	nes	524304	241	This ROM uses a mapper not supported by JSNES: Unknown Mapper, 241(241)
王子复仇记[恒格电子](CN)[TAB](8Mb).nes	nes	1048592	177	This ROM uses a mapper not supported by JSNES: Unknown Mapper, 177(177)
威洛传奇[金巴比伦汉化](JP)[RPG](4Mb).nes	nes	524304	74	This ROM uses a mapper not supported by JSNES: Unknown Mapper(74)
文字广场 & 排雷[未知](CN)[PUZ](2Mb).unf	unf	262249	-	Not an iNES ROM: header is not NES<EOF>
无敌学习卡[BiTe](CN)[ETC](4Mb).nes	nes	524304	170	This ROM uses a mapper not supported by JSNES: Unknown Mapper, 170(170)
无极魔界[恒格电子](CN)[RPG](8Mb).nes	nes	1048592	241	This ROM uses a mapper not supported by JSNES: Unknown Mapper, 241(241)
无间道风云[恒格电子](JP)[SLG](8Mb).nes	nes	1048592	241	This ROM uses a mapper not supported by JSNES: Unknown Mapper, 241(241)
武侠天地[南晶科技](CN)[RPG](8Mb).nes	nes	1048592	163	This ROM uses a mapper not supported by JSNES: Unknown Mapper, 163(163)
悟空斗剧[恒格电子](JP)[RPG](6Mb).nes	nes	786448	253	This ROM uses a mapper not supported by JSNES: Unknown Mapper, 253(253)
西楚霸王[外星科技](CN)[RPG](8Mb).nes	nes	1048592	176	This ROM uses a mapper not supported by JSNES: Unknown Mapper, 176(176)
西天取经[TXC](CN)[ACT](1Mb).nes	nes	131088	241	This ROM uses a mapper not supported by JSNES: Unknown Mapper, 241(241)
西游记后传[外星科技](CN)[RPG](8Mb).nes	nes	1048592	162	This ROM uses a mapper not supported by JSNES: Unknown Mapper, 162(162)
侠客传奇[晶科泰](CN)[RPG](2Mb).nes	nes	262160	240	This ROM uses a mapper not supported by JSNES: Unknown Mapper, 240(240)
仙剑奇侠[南晶科技](CN)[RPG](16Mb).nes	nes	2097168	163	This ROM uses a mapper not supported by JSNES: Unknown Mapper, 163(163)
仙剑神曲[外星科技汉化](JP)[RPG](4Mb).nes	nes	524304	245	This ROM uses a mapper not supported by JSNES: Unknown Mapper, 245(245)
仙剑问情[南晶科技](CN)[RPG](4Mb).nes	nes	524304	163	This ROM uses a mapper not supported by JSNES: Unknown Mapper, 163(163)
仙界精灵[南晶科技](CN)[RPG](16Mb).nes	nes	2097168	163	This ROM uses a mapper not supported by JSNES: Unknown Mapper, 163(163)
香帅传奇[南晶科技](CN)[RPG](8Mb).nes	nes	1048592	227	This ROM uses a mapper not supported by JSNES: Unknown Mapper, 227(227)
象棋学园[Sachen](CN)[TAB](0.37Mb).nes	nes	49168	150	This ROM uses a mapper not supported by JSNES: Unknown Mapper, 150(150)
小霸王学习机V1.1[小霸王](CN)[ETC](2Mb).nes	nes	262160	241	This ROM uses a mapper not supported by JSNES: Unknown Mapper, 241(241)
小霸王学习机V11[小霸王](CN)[ETC](8Mb).nes	nes	1048592	168	This ROM uses a mapper not supported by JSNES: Unknown Mapper, 168(168)
小霸王学习机V13[小霸王](CN)[ETC](4Mb).nes	nes	524304	168	This ROM uses a mapper not supported by JSNES: Unknown Mapper, 168(168)
小霸王学习机V3[小霸王](CN)[ETC](4Mb).nes	nes	524304	241	This ROM uses a mapper not supported by JSNES: Unknown Mapper, 241(241)
小霸王学习机V4[小霸王](CN)[ETC](8Mb).nes	nes	1048592	167	This ROM uses a mapper not supported by JSNES: Unknown Mapper, 167(167)
小霸王学习机V5[小霸王](CN)[ETC](8Mb).nes	nes	1048592	168	This ROM uses a mapper not supported by JSNES: Unknown Mapper, 168(168)
小霸王学习机V6[小霸王](CN)[ETC](4Mb).nes	nes	524304	241	This ROM uses a mapper not supported by JSNES: Unknown Mapper, 241(241)
小霸王学习机V6+[小霸王](CN)[ETC](4Mb).nes	nes	524304	178	This ROM uses a mapper not supported by JSNES: Unknown Mapper, 178(178)
小霸王学习机V8[小霸王](CN)[ETC](8Mb).nes	nes	1048592	177	This ROM uses a mapper not supported by JSNES: Unknown Mapper, 177(177)
小霸王英语词霸卡[小霸王](CN)[ETC](8Mb).nes	nes	1048592	167	This ROM uses a mapper not supported by JSNES: Unknown Mapper, 167(167)
小百科学习机[深圳凌捷](CN)[ETC](4Mb).nes	nes	524304	241	This ROM uses a mapper not supported by JSNES: Unknown Mapper, 241(241)
小博士[鸿达](CN)[ETC](8Mb).nes	nes	1048592	241	This ROM uses a mapper not supported by JSNES: Unknown Mapper, 241(241)
笑傲江湖[外星科技](CN)[RPG](8Mb).nes	nes	1048592	15	This ROM uses a mapper not supported by JSNES: 100-in-1 switch(15)
笑傲江湖群侠记[南晶科技](CN)[RPG](4Mb).nes	nes	524304	241	This ROM uses a mapper not supported by JSNES: Unknown Mapper, 241(241)
新英雄传[南晶科技](CN)[RPG](2Mb).nes	nes	262160	240	This ROM uses a mapper not supported by JSNES: Unknown Mapper, 240(240)
新月剑痕[南晶科技](CN)[RPG](4Mb).nes	nes	524304	241	This ROM uses a mapper not supported by JSNES: Unknown Mapper, 241(241)
星河战士[恒格电子](CN)[RPG](4Mb).nes	nes	524304	177	This ROM uses a mapper not supported by JSNES: Unknown Mapper, 177(177)
星际争霸[恒格电子](CN)[RPG](4Mb).nes	nes	524304	178	This ROM uses a mapper not supported by JSNES: Unknown Mapper, 178(178)
星战情缘[恒格电子](CN)[RPG](8Mb).nes	nes	1048592	177	This ROM uses a mapper not supported by JSNES: Unknown Mapper, 177(177)
熊猫太子[dragon2snow](CN)[ACT](4Mb).nes	nes	524304	121	This ROM uses a mapper not supported by JSNES: Unknown Mapper, 121(121)
轩辕剑外传之天之痕[南晶科技](CN)[RPG](16Mb).nes	nes	2097168	163	This ROM uses a mapper not supported by JSNES: Unknown Mapper, 163(163)
学生电脑[高昇达](CN)[ETC](4Mb).nes	nes	524304	178	This ROM uses a mapper not supported by JSNES: Unknown Mapper, 178(178)
学生电脑[未知](CN)[ETC](4Mb).nes	nes	524304	241	This ROM uses a mapper not supported by JSNES: Unknown Mapper, 241(241)
学生电脑[小视霸](CN)[ETC](4Mb).nes	nes	524304	241	This ROM uses a mapper not supported by JSNES: Unknown Mapper, 241(241)
寻秦记[南晶科技](CN)[RPG](4Mb).nes	nes	524304	241	This ROM uses a mapper not supported by JSNES: Unknown Mapper, 241(241)
亚特鲁战记[外星科技](JP)[RPG](4Mb).nes	nes	524304	74	This ROM uses a mapper not supported by JSNES: Unknown Mapper(74)
伊苏的起源 - 尤妮卡[晶科泰](CN)[RPG](8Mb).nes	nes	1048592	74	This ROM uses a mapper not supported by JSNES: Unknown Mapper(74)
倚天传说[小霸王](CN)[RPG](16Mb).nes	nes	2097168	163	This ROM uses a mapper not supported by JSNES: Unknown Mapper, 163(163)
倚天剑传奇[南晶科技](CN)[RPG](16Mb).nes	nes	2097168	163	This ROM uses a mapper not supported by JSNES: Unknown Mapper, 163(163)
倚天屠龙记[南晶科技](CN)[RPG](16Mb).nes	nes	2097168	163	This ROM uses a mapper not supported by JSNES: Unknown Mapper, 163(163)
银白色沙加[外星科技汉化](JP)[RPG](6Mb).nes	nes	786448	199	This ROM uses a mapper not supported by JSNES: Unknown Mapper, 199(199)
英汉词典1[未知](CN)[ETC](2Mb).nes	nes	262160	241	This ROM uses a mapper not supported by JSNES: Unknown Mapper, 241(241)
英汉词典2[未知](CN)[ETC](4Mb).nes	nes	524304	241	This ROM uses a mapper not supported by JSNES: Unknown Mapper, 241(241)
英烈群侠传[外星科技](CN)[RPG](6Mb).nes	nes	786448	245	This ROM uses a mapper not supported by JSNES: Unknown Mapper, 245(245)
英雄传[Cony Soft](CN)[FTG](5Mb).nes	nes	655376	27	This ROM uses a mapper not supported by JSNES: Unknown Mapper(27)
英雄传奇[恒格电子](JP)[RPG](8Mb).nes	nes	1048592	74	This ROM uses a mapper not supported by JSNES: Unknown Mapper(74)
英雄源义经传奇[恒格电子](JP)[RPG](2Mb).nes	nes	262160	245	This ROM uses a mapper not supported by JSNES: Unknown Mapper, 245(245)
英语声霸卡[东生](CN)[ETC](4Mb).nes	nes	524304	241	This ROM uses a mapper not supported by JSNES: Unknown Mapper, 241(241)
樱桃小丸子[火星电子](CN)[PUZ](4Mb).nes	nes	524304	164	This ROM uses a mapper not supported by JSNES: Unknown Mapper, 164(164)
勇者传说[南晶科技](CN)[RPG](4Mb).nes	nes	524304	163	This ROM uses a mapper not supported by JSNES: Unknown Mapper, 163(163)
勇者斗恶龙4[外星科技汉化](JP)[RPG](2Mb).nes	nes	262160	245	This ROM uses a mapper not supported by JSNES: Unknown Mapper, 245(245)
勇者斗恶龙5[外星科技汉化](JP)[RPG](2Mb).nes	nes	262160	245	This ROM uses a mapper not supported by JSNES: Unknown Mapper, 245(245)
勇者斗恶龙7[外星科技汉化](JP)[RPG](8Mb).nes	nes	1048592	245	This ROM uses a mapper not supported by JSNES: Unknown Mapper, 245(245)
勇者斗恶龙8[外星科技](CN)[RPG](4Mb).nes	nes	524304	242	This ROM uses a mapper not supported by JSNES: Unknown Mapper, 242(242)
幽灵行动[恒格电子](CN)[RPG](6Mb).nes	nes	786448	74	This ROM uses a mapper not supported by JSNES: Unknown Mapper(74)
幽游白书 - 魔界最强列传 Final[卡圣](CN)[FTG](5Mb).nes	nes	655376	115	This ROM uses a mapper not supported by JSNES: Unknown Mapper, 115(115)
幽游白书97 V[卡圣](CN)[FTG](3Mb).nes	nes	393232	121	This ROM uses a mapper not supported by JSNES: Unknown Mapper, 121(121)
游戏宝贝[南晶科技](CN)[RPG](4Mb).nes	nes	524304	241	This ROM uses a mapper not supported by JSNES: Unknown Mapper, 241(241)
游戏王[南晶科技](CN)[RPG](16Mb).nes	nes	2097168	163	This ROM uses a mapper not supported by JSNES: Unknown Mapper, 163(163)
宇宙巡航机2[MS汉化](JP)[STG](2Mb).nes	nes	262160	25	This ROM uses a mapper not supported by JSNES: Konami VRC4b(25)
月风魔传 (繁体中文版)[冰组汉化](JP)[ACT](3Mb).nes	nes	393232	23	This ROM uses a mapper not supported by JSNES: Konami VRC2a(23)
月风魔传 (简体中文版)[冰组汉化](JP)[ACT](3Mb).nes	nes	393232	23	This ROM uses a mapper not supported by JSNES: Konami VRC2a(23)
岳飞传[火星电子](CN)[RPG](4Mb).nes	nes	524304	15	This ROM uses a mapper not supported by JSNES: 100-in-1 switch(15)
泽诚超级学习卡[泽诚](CN)[ETC](4Mb).nes	nes	524304	241	This ROM uses a mapper not supported by JSNES: Unknown Mapper, 241(241)
战国风云[晶科泰](CN)[RPG](2Mb).nes	nes	262160	240	This ROM uses a mapper not supported by JSNES: Unknown Mapper, 240(240)
战国四川省[C&E Inc](CN)[TAB](0.5Mb).nes	nes	65552	132	This ROM uses a mapper not supported by JSNES: Unknown Mapper, 132(132)
真本西游记[Asder](CN)[FTG](3Mb).nes	nes	393232	112	This ROM uses a mapper not supported by JSNES: Unknown Mapper, 112(112)
真侍魂 - 魂之利刃[南晶科技](CN)[RPG](16Mb).nes	nes	2097168	163	This ROM uses a mapper not supported by JSNES: Unknown Mapper, 163(163)
真侍魂 - 武士道列传[南晶科技](CN)[RPG](16Mb).nes	nes	2097168	163	This ROM uses a mapper not supported by JSNES: Unknown Mapper, 163(163)
真田十勇士[外星科技汉化](JP)[RPG](4Mb).nes	nes	524304	165	This ROM uses a mapper not supported by JSNES: Unknown Mapper, 165(165)
征服太阳系 & 小管家[小霸王](CN)[PUZ](4Mb).nes	nes	524304	241	This ROM uses a mapper not supported by JSNES: Unknown Mapper, 241(241)
智力小状元[数奇玉](CN)[PUZ](1.5Mb).nes	nes	196624	176	This ROM uses a mapper not supported by JSNES: Unknown Mapper, 176(176)
中国大亨[Sachen](CN)[TAB](3Mb).nes	nes	393232	116	This ROM uses a mapper not supported by JSNES: Unknown Mapper, 116(116)
重装机兵[恒格电子](JP)[RPG](6Mb).nes	nes	786448	74	This ROM uses a mapper not supported by JSNES: Unknown Mapper(74)
重装机兵[先锋卡通汉化 (MS修正)](JP)[RPG](6Mb).nes	nes	786448	74	This ROM uses a mapper not supported by JSNES: Unknown Mapper(74)
重装机兵[先锋卡通汉化 (ZYM转简体菜单版)](JP)[RPG](6Mb).nes	nes	786448	74	This ROM uses a mapper not supported by JSNES: Unknown Mapper(74)
重装机兵[先锋卡通汉化](JP)[RPG](6Mb).nes	nes	786448	74	This ROM uses a mapper not supported by JSNES: Unknown Mapper(74)
卓越之剑[恒格电子](CN)[RPG](8Mb).nes	nes	1048592	241	This ROM uses a mapper not supported by JSNES: Unknown Mapper, 241(241)
足球小将[外星科技汉化](JP)[SPG](6Mb).nes	nes	786448	74	This ROM uses a mapper not supported by JSNES: Unknown Mapper(74)
最终幻想3 (繁体中文版)[狼组 张晓波 汉化](JP)[RPG](9.34Mb).exe	exe	1224704	-	Not an iNES ROM: header is not NES<EOF>
最终幻想3 (简体中文版)[狼组 张晓波 汉化](JP)[RPG](9.34Mb).exe	exe	1224704	-	Not an iNES ROM: header is not NES<EOF>
最终幻想4 - 光与暗 水晶纷争[南晶科技](CN)[RPG](8Mb).nes	nes	1048592	163	This ROM uses a mapper not supported by JSNES: Unknown Mapper, 163(163)
最终幻想7[南晶科技](CN)[RPG](16Mb).nes	nes	2097168	163	This ROM uses a mapper not supported by JSNES: Unknown Mapper, 163(163)
ABM学习机[maxzhou88](CN)[ETC](8Mb).nes	nes	1048592	241	This ROM uses a mapper not supported by JSNES: Unknown Mapper, 241(241)
MXMDHTWO学习卡[TXC](CN)[ETC](4Mb).nes	nes	524304	241	This ROM uses a mapper not supported by JSNES: Unknown Mapper, 241(241)
Subor V5 (China) (Unl) [CHS](0918).nes	nes	2097168	168	This ROM uses a mapper not supported by JSNES: Unknown Mapper, 168(168)
Subor V5 (China) (Unl) [CHS](0919).nes	nes	2097168	168	This ROM uses a mapper not supported by JSNES: Unknown Mapper, 168(168)
Windows 2000[δ֪](CN)[ETC](4Mb).nes	nes	524304	178	This ROM uses a mapper not supported by JSNES: Unknown Mapper, 178(178)